bikeid,max_tripduration,min_tripduration,average_tripduration
6264,2749.00,142.00,809.74
642,2979.00,191.00,706.73
4077,5942.00,76.00,1125.44
778,5979.00,106.00,996.08
3806,3991.00,100.00,944.90
2378,2150.00,257.00,665.04
84,4063.00,166.00,948.52
1329,1708.00,104.00,655.80
6007,6827.00,153.00,930.95
5285,9849.00,160.00,1190.60
4581,8502.00,136.00,1053.95
805,8983.00,215.00,1462.04
2278,5690.00,183.00,1057.67
751,3788.00,184.00,1020.58
6421,9394.00,145.00,1083.40
4207,14226.00,110.00,2178.57
5499,3510.00,281.00,900.00
6315,2563.00,169.00,778.79
2772,5373.00,213.00,835.46
4598,3282.00,114.00,844.71
6463,1643.00,165.00,644.67
222,256.00,256.00,256.00
3777,7580.00,136.00,962.55
3883,2777.00,142.00,781.84
3234,1715.00,196.00,874.04
549,28120.00,171.00,1593.32
621,3436.00,215.00,1085.50
979,7135.00,233.00,792.38
556,6346.00,127.00,1152.54
690,1350.00,185.00,642.25
4074,6524.00,126.00,1216.54
2173,2478.00,144.00,826.92
5975,5133.00,81.00,941.03
5718,6359.00,148.00,1026.05
5380,2053.00,215.00,885.38
2116,4651.00,128.00,1240.15
1789,4424.00,283.00,1306.07
2606,2548.00,70.00,733.90
4081,7480.00,122.00,847.48
4679,2927.00,127.00,758.35
5527,7179.00,283.00,1568.68
3593,5574.00,104.00,1168.79
3531,2804.00,151.00,868.47
2421,5406.00,169.00,808.80
4010,3992.00,99.00,939.00
1136,4373.00,95.00,1161.39
1876,4667.00,137.00,1093.03
6319,4674.00,178.00,1044.13
2833,2432.00,110.00,766.10
6295,3271.00,104.00,850.20
6069,2470.00,166.00,833.48
5717,3995.00,90.00,960.82
6422,5118.00,133.00,891.29
1276,4093.00,138.00,951.69
6075,3855.00,103.00,878.07
226,2048.00,194.00,835.07
5833,5268.00,141.00,885.48
6119,13137.00,117.00,1169.41
3991,3089.00,121.00,889.82
3132,6580.00,210.00,1062.00
2901,1895.00,199.00,674.90
4471,3264.00,74.00,930.73
4156,3195.00,254.00,858.95
5768,7500.00,141.00,1101.57
1527,1798.00,287.00,934.45
5695,7475.00,134.00,1124.32
5474,3703.00,180.00,1052.57
1179,8053.00,245.00,1210.10
1779,10315.00,223.00,1160.80
5772,9527.00,237.00,1988.78
5928,4448.00,66.00,963.69
2246,11820.00,147.00,1280.36
570,17815.00,140.00,2586.58
4133,2233.00,179.00,799.75
5863,4938.00,179.00,1085.15
5405,2927.00,141.00,910.60
4993,2453.00,276.00,899.94
3154,2488.00,133.00,762.90
773,9554.00,205.00,1159.21
4871,2524.00,255.00,834.13
5053,8607.00,178.00,1533.80
2717,4135.00,293.00,925.45
354,2844.00,182.00,815.58
1088,5044.00,166.00,1254.65
1983,5093.00,99.00,929.32
236,7750.00,83.00,864.52
6215,83784.00,95.00,6061.44
2805,2148.00,282.00,817.07
4475,7991.00,73.00,950.10
1005,4654.00,157.00,739.85
446,3609.00,161.00,903.19
3260,2433.00,148.00,763.65
4150,5516.00,146.00,850.96
4103,5819.00,168.00,1033.14
2710,2155.00,209.00,673.83
4339,1558.00,165.00,697.50
6086,21291.00,173.00,1311.52
5279,7915.00,109.00,1167.43
5085,7863.00,133.00,933.10
1265,4444.00,278.00,1275.24
4502,4887.00,90.00,786.00
6062,8626.00,164.00,1336.43
534,3162.00,75.00,820.08
762,3405.00,75.00,849.25
4104,7301.00,126.00,1182.12
892,10977.00,157.00,1085.64
1718,1325.00,146.00,516.70
2022,4205.00,194.00,953.90
2494,3268.00,197.00,742.33
6049,5690.00,64.00,928.58
3869,1745.00,220.00,739.25
2534,236723.00,183.00,21992.09
6433,4155.00,235.00,865.89
4351,5608.00,92.00,1221.54
6325,18579.00,125.00,1529.32
4859,3058.00,229.00,1085.76
1445,2338.00,166.00,845.36
2676,9247.00,311.00,1492.09
2352,2841.00,77.00,827.65
1619,4775.00,147.00,1095.83
4675,6028.00,189.00,945.79
5518,2565.00,114.00,879.36
3881,44318.00,145.00,1564.20
6040,5201.00,118.00,838.14
3237,5198.00,90.00,1205.37
5951,6408.00,80.00,1041.12
5838,3883.00,178.00,957.45
2176,5625.00,179.00,1460.63
863,4054.00,168.00,976.44
6455,3714.00,184.00,887.94
5777,6565.00,222.00,963.40
4774,6919.00,150.00,1207.59
2907,54011.00,189.00,2151.13
5765,2765.00,127.00,844.76
3958,74057.00,71.00,2907.22
5089,5117.00,89.00,967.97
6226,4553.00,126.00,896.74
4099,2198.00,307.00,926.21
2101,1342.00,175.00,540.50
3495,5235.00,138.00,919.25
1359,7746.00,120.00,882.45
3316,4313.00,386.00,1237.00
5462,13775.00,74.00,1523.80
2324,5853.00,156.00,933.25
2540,2520.00,85.00,685.67
4078,6242.00,131.00,1046.79
5070,37000.00,179.00,1842.06
4213,3524.00,122.00,856.54
256,6634.00,221.00,853.81
4903,5072.00,248.00,1076.67
1116,1859.00,177.00,760.00
1017,2427.00,137.00,882.36
4645,3812.00,170.00,1222.55
2604,5193.00,177.00,940.80
4807,2238.00,91.00,834.83
239,7213.00,147.00,1040.57
5771,9154.00,239.00,1120.97
5270,5724.00,73.00,853.75
3218,2690.00,139.00,867.92
1356,5209.00,163.00,999.97
795,7646.00,147.00,1137.55
122,2452.00,248.00,769.93
3116,32543.00,205.00,1727.80
1177,7659.00,124.00,1100.95
6017,5281.00,114.00,827.19
2619,2744.00,151.00,755.76
87,4289.00,119.00,829.91
2029,5911.00,100.00,1339.20
2409,6440.00,93.00,1093.66
4692,7006.00,93.00,1296.84
5925,5763.00,212.00,1003.29
5354,5190.00,124.00,879.38
5609,22261.00,137.00,1503.49
2400,7204.00,119.00,842.36
2754,3296.00,174.00,840.56
5962,2148.00,158.00,829.81
5230,8145.00,217.00,1196.06
5010,5024.00,138.00,978.45
3521,7404.00,241.00,1664.23
1609,6714.00,131.00,1159.51
3408,3434.00,155.00,844.26
5028,4080.00,115.00,925.27
5166,5814.00,288.00,1219.40
4355,3230.00,245.00,959.97
297,9820.00,197.00,1407.00
1169,94521.00,215.00,8852.83
782,2457.00,173.00,752.00
5340,6467.00,114.00,1629.30
6101,7770.00,127.00,944.06
5179,5134.00,113.00,875.61
6005,7426.00,187.00,1017.74
4697,2094.00,270.00,887.92
5060,7341.00,78.00,1186.21
6275,3081.00,104.00,771.30
4912,3374.00,146.00,829.03
5337,23052.00,181.00,2362.30
4950,7200.00,156.00,1068.82
1776,2119.00,173.00,716.05
4433,5188.00,136.00,1047.28
5361,4499.00,250.00,1252.42
3536,5229.00,131.00,1067.30
2130,6133.00,109.00,1114.24
4665,3992.00,127.00,1058.34
1830,1603.00,241.00,797.62
6160,8855.00,80.00,891.87
6065,6349.00,109.00,956.45
3850,3103.00,145.00,700.66
2868,11824.00,166.00,1082.59
2843,11502.00,220.00,1113.61
5845,5153.00,262.00,1286.21
1965,3521.00,98.00,1105.44
2216,5752.00,231.00,1274.30
3171,7872.00,157.00,937.15
5752,2829.00,157.00,803.53
733,3319.00,125.00,1070.43
1094,3726.00,126.00,795.12
6109,7380.00,111.00,948.95
473,1619.00,125.00,714.76
687,1513.00,152.00,736.28
799,4462.00,104.00,804.84
6365,10821.00,84.00,868.73
6438,60584.00,154.00,4692.14
5974,1477.00,156.00,606.37
1749,6450.00,145.00,851.58
632,2950.00,112.00,827.41
1573,172003.00,138.00,7137.82
3405,1856.00,141.00,619.61
2181,1773.00,182.00,868.63
3082,3017.00,168.00,690.57
4391,8456.00,121.00,1027.69
3892,20254.00,98.00,1607.25
6406,6706.00,151.00,891.00
5390,2003.00,198.00,746.50
2558,5085.00,219.00,1275.41
3019,3179.00,225.00,987.72
6104,6084.00,211.00,1144.48
4308,8431.00,107.00,1215.50
5559,8867.00,82.00,1289.34
6089,3917.00,116.00,729.40
1054,3054.00,217.00,872.10
6088,4748.00,130.00,1083.02
4352,2699.00,189.00,829.84
2280,5286.00,116.00,984.64
3166,4807.00,101.00,992.75
2582,625935.00,179.00,28355.56
3899,3546.00,316.00,1074.44
5521,3465.00,122.00,848.22
6081,6510.00,189.00,975.72
6255,14607.00,144.00,1030.64
4906,2767.00,291.00,756.50
1315,9986.00,173.00,1194.12
2078,5759.00,176.00,998.55
2441,6145.00,104.00,903.80
3715,5683.00,188.00,1145.83
2232,268.00,268.00,268.00
5307,4000.00,239.00,985.09
1422,1926.00,93.00,666.77
704,3441.00,119.00,831.78
1085,6895.00,90.00,1129.97
5098,1601.00,127.00,552.83
1122,4606.00,158.00,774.02
1834,4064.00,76.00,1053.95
5329,15097.00,99.00,2263.10
2888,4246.00,196.00,938.42
2971,3495.00,98.00,804.71
1383,1631.00,218.00,799.27
4949,2324.00,193.00,825.06
2552,4619.00,155.00,970.00
1472,9024.00,283.00,2212.45
6429,9114.00,101.00,1128.27
1597,6183.00,96.00,1453.22
5684,1972.00,126.00,786.10
2537,5561.00,168.00,993.19
5140,4095.00,154.00,969.78
1933,5642.00,164.00,844.38
4047,1727.00,209.00,523.37
5973,4791.00,145.00,954.43
5316,14987.00,171.00,2371.33
5984,7440.00,183.00,1012.49
3830,1248.00,546.00,864.50
4933,7529.00,230.00,1202.93
2699,3519.00,188.00,1201.57
2798,5500.00,139.00,955.10
6196,7824.00,190.00,1015.15
2285,2692.00,186.00,817.14
2596,4413.00,120.00,1316.88
6298,6974.00,78.00,970.34
6375,5705.00,254.00,1226.46
6208,4527.00,144.00,999.46
3955,6031.00,118.00,952.90
6382,7121.00,109.00,1126.15
6229,15890.00,134.00,1065.25
5677,3654.00,209.00,1070.79
3537,2522.00,192.00,652.81
4929,2987.00,111.00,939.81
3720,5218.00,99.00,1003.08
2144,3204.00,220.00,1004.42
3276,2855.00,144.00,783.41
4609,1714.00,133.00,859.53
5792,2486.00,160.00,806.76
1717,6627.00,244.00,988.60
886,9085.00,133.00,1352.46
6262,2711.00,178.00,749.06
2806,5253.00,117.00,941.73
6002,5924.00,164.00,980.55
2688,2847.00,226.00,869.40
4113,6349.00,114.00,1012.46
1791,2643.00,186.00,901.72
1478,3783.00,209.00,885.15
1544,1903.00,78.00,793.45
3184,13488.00,84.00,1828.54
2405,6976.00,177.00,1011.55
6143,9621.00,203.00,1520.38
5212,3831.00,296.00,929.20
455,813.00,124.00,438.83
2845,7007.00,155.00,1126.29
2162,1564.00,200.00,775.36
5997,2404.00,195.00,870.20
254,9252.00,206.00,1178.54
2986,7324.00,161.00,1053.29
548,1877.00,529.00,953.50
4512,5117.00,194.00,970.90
965,2302.00,190.00,787.00
1290,6633.00,123.00,918.50
5673,1735.00,211.00,791.80
3094,4370.00,98.00,890.06
6391,8481.00,155.00,1107.11
552,3519.00,165.00,985.66
5763,3143.00,114.00,985.57
196,5483.00,143.00,1216.03
3083,4889.00,188.00,858.03
2921,2297.00,402.00,805.44
1975,4447.00,200.00,965.75
6124,9977.00,149.00,1232.08
4197,4276.00,211.00,885.13
2728,14555.00,95.00,1396.18
3530,7955.00,256.00,1146.60
3832,1341.00,201.00,510.60
5938,4115.00,148.00,757.68
10,5304.00,165.00,1014.22
6383,7977.00,193.00,1304.70
653,6409.00,146.00,1267.37
5513,5185.00,92.00,814.87
3342,443.00,258.00,350.50
1874,8755.00,185.00,1077.15
2344,14706.00,182.00,1336.20
6165,2475.00,125.00,892.50
5263,5985.00,232.00,874.81
20,9315.00,268.00,1155.06
329,11655.00,152.00,1588.04
6192,5758.00,140.00,812.85
3632,8357.00,165.00,1136.85
844,8326.00,272.00,2310.14
2631,3149.00,153.00,849.50
2120,5304.00,116.00,1283.81
1129,5256.00,159.00,1006.50
5906,2015.00,226.00,835.87
6098,3834.00,144.00,1001.40
1056,3465.00,231.00,970.72
1523,5054.00,201.00,1049.78
2251,2816.00,235.00,909.45
3649,6687.00,212.00,1071.63
1625,5288.00,98.00,1009.57
5996,26720.00,141.00,1773.00
5481,7892.00,135.00,1034.59
797,2853.00,159.00,809.97
2148,7815.00,223.00,1747.11
1176,2858.00,131.00,769.57
1725,4140.00,216.00,1033.42
3505,4173.00,147.00,815.56
3696,2846.00,110.00,857.49
5908,8170.00,169.00,1137.30
1071,6939.00,164.00,898.54
6271,4124.00,171.00,862.70
5878,1995.00,142.00,548.47
245,8326.00,141.00,1664.00
5290,8454.00,108.00,1061.02
4461,5737.00,81.00,1051.06
4866,2645.00,108.00,823.40
2898,4664.00,140.00,946.48
848,5157.00,181.00,1020.94
4084,3076.00,217.00,1000.87
876,6762.00,292.00,1366.42
5948,1917800.00,125.00,62586.09
4086,4478.00,295.00,1115.55
1541,4024.00,132.00,938.80
5068,6847.00,225.00,1000.97
392,6413.00,151.00,1238.88
199,5065.00,162.00,1008.67
2193,1300.00,194.00,642.73
1938,3993.00,171.00,846.02
1496,7264.00,258.00,1003.94
3037,4188.00,147.00,759.60
4483,2675.00,235.00,820.25
2802,6002.00,122.00,1337.31
5183,7034.00,73.00,1036.61
935,18877.00,229.00,2212.42
2288,2305.00,160.00,624.09
4642,7152.00,151.00,875.74
5232,1541.00,170.00,614.12
6046,8568.00,287.00,1202.66
5278,6716.00,127.00,877.40
5221,2160.00,492.00,1035.90
5747,5229.00,122.00,941.46
2973,3083.00,178.00,817.63
407,3280.00,248.00,832.85
5782,4158.00,129.00,769.38
5031,4255.00,133.00,918.65
261,2455.00,155.00,805.48
6213,4405.00,148.00,864.41
1376,3188.00,182.00,1066.85
4617,1193.00,245.00,773.87
4603,2425.00,108.00,853.90
147,4453.00,135.00,987.61
4577,2850.00,104.00,741.60
3584,7202.00,138.00,869.84
4401,6934.00,162.00,1015.45
1952,6332.00,211.00,1005.16
5213,5550.00,145.00,1131.21
3657,3969.00,208.00,951.79
4208,8235.00,108.00,1219.26
5804,6052.00,224.00,1239.11
1420,4553.00,127.00,1090.17
3555,5121.00,118.00,1364.10
4980,4720.00,174.00,936.33
471,2256.00,252.00,742.41
2778,865.00,219.00,514.69
3809,9419.00,75.00,1060.60
3574,6182.00,316.00,1009.08
6367,4263.00,142.00,993.64
4478,2996.00,130.00,992.55
2849,4649.00,205.00,1113.26
5936,5637.00,146.00,985.69
4597,5514.00,158.00,843.58
5837,5135.00,130.00,880.82
5358,5109.00,225.00,1300.50
2471,3751.00,218.00,1055.38
2738,5697.00,301.00,1447.60
1758,1228.00,223.00,652.36
6178,4830.00,139.00,822.88
3030,1964.00,117.00,842.73
1916,5275.00,126.00,1259.12
5801,2138.00,136.00,789.08
1172,1639.00,103.00,629.00
5523,50149.00,169.00,2672.21
2275,6185.00,135.00,1080.33
5052,10330.00,156.00,1510.83
1462,4576.00,150.00,1299.46
2236,8687.00,154.00,1787.14
1001,3045.00,174.00,997.11
4196,5934.00,139.00,860.19
6038,6413.00,177.00,940.90
3233,5715.00,134.00,917.46
5397,8317.00,129.00,1386.29
1072,2956.00,220.00,965.00
1534,8238.00,173.00,1075.32
3773,5496.00,193.00,1346.57
6108,31737.00,143.00,1338.35
1912,8035.00,163.00,1184.93
4934,2364.00,91.00,686.60
1255,2013.00,113.00,720.79
6329,5565.00,129.00,989.85
5721,4517.00,100.00,1408.95
1873,2066.00,176.00,622.52
1631,23040.00,89.00,1665.39
2106,9273.00,138.00,1036.24
6058,2791.00,139.00,781.50
6439,3456.00,136.00,850.35
3981,10809.00,69.00,1355.13
2255,1169.00,381.00,749.00
4180,5767.00,185.00,1427.34
3710,41827.00,186.00,3028.00
5078,3906.00,156.00,1087.75
3853,8528.00,126.00,1130.97
3378,2686.00,229.00,1100.72
1065,4144.00,143.00,993.94
2261,8362.00,100.00,1112.80
594,118488.00,169.00,5929.82
5580,3273.00,214.00,1034.23
3460,21316.00,79.00,1488.08
5834,8509.00,191.00,1369.02
3103,7333.00,182.00,1179.58
1447,10333.00,143.00,1042.08
3101,14570.00,155.00,1592.65
4247,4010.00,152.00,881.97
6128,644.00,219.00,409.80
48,2526.00,173.00,980.18
1711,5040.00,217.00,823.64
861,2006.00,259.00,936.64
3498,5802.00,192.00,980.86
3666,75748.00,150.00,3321.74
2657,3851.00,169.00,984.46
3093,5442.00,101.00,784.66
4808,6767.00,151.00,955.52
3577,4768.00,242.00,1099.28
4812,4264.00,137.00,872.10
696,6124.00,186.00,1058.04
4312,4377.00,129.00,1018.73
710,11260.00,101.00,1376.11
3662,5223.00,130.00,882.18
3417,6195.00,129.00,867.81
6099,4760.00,177.00,1005.11
6349,6937.00,155.00,1144.94
4635,2451.00,126.00,822.26
5036,1710.00,189.00,564.00
2741,4290.00,181.00,909.78
5454,9038.00,117.00,1235.92
4994,3723.00,220.00,981.72
5839,6359.00,121.00,1096.78
413,10243.00,231.00,2268.00
3175,9110.00,167.00,1008.90
2972,3691.00,91.00,829.86
1833,58144.00,79.00,1944.50
2585,5102.00,141.00,918.41
5403,2052.00,162.00,598.47
2934,7004.00,176.00,952.48
4873,8041.00,198.00,1139.50
3025,8210.00,101.00,1498.80
5964,3261.00,215.00,1110.45
2311,5396.00,174.00,1182.18
5828,5020.00,265.00,1101.43
3701,7517.00,140.00,1038.52
4654,9646.00,90.00,1263.18
6115,7638.00,120.00,804.85
2053,4090.00,120.00,1086.47
5582,6509.00,174.00,848.50
2458,5288.00,112.00,943.38
669,4121.00,174.00,1472.70
298,11536.00,159.00,1544.15
6392,7315.00,102.00,1137.52
5877,4118.00,124.00,951.75
2108,2372.00,210.00,989.11
823,3459.00,107.00,849.64
4591,2495.00,154.00,803.82
6304,4840.00,135.00,850.35
3156,4721.00,96.00,769.78
1256,6377.00,166.00,1181.37
693,7423.00,96.00,1263.42
5479,2380.00,133.00,851.94
3691,6118.00,130.00,1795.72
2270,2052.00,103.00,618.47
6134,5362.00,165.00,1187.44
2123,3332.00,185.00,1105.92
437,970.00,122.00,475.83
5612,2778.00,117.00,912.05
5236,3197.00,187.00,944.15
1582,10161.00,82.00,1086.17
5433,6772.00,317.00,1412.92
3219,5620.00,201.00,1224.76
382,52824.00,129.00,3148.53
1409,2293.00,132.00,708.91
4279,4403.00,116.00,716.07
2376,2239.00,177.00,739.65
1,9681.00,161.00,1487.21
2599,2758.00,358.00,1035.20
2004,12428.00,125.00,1082.51
2750,15846.00,86.00,1653.27
6176,4530.00,150.00,939.13
976,2500.00,144.00,783.89
5090,3084.00,75.00,801.72
2876,6951.00,195.00,1119.23
4991,7367.00,405.00,1577.57
2532,6163.00,152.00,1190.80
5494,4307.00,273.00,1324.50
225,6196.00,179.00,1163.37
4048,2305.00,189.00,657.88
1616,5878.00,124.00,974.26
1426,1800.00,124.00,581.20
2241,3474.00,67.00,766.89
590,9204.00,159.00,1204.37
5003,4006.00,127.00,850.81
3726,3678.00,248.00,1016.97
1100,7584.00,167.00,1352.20
6107,12915.00,316.00,1728.15
1778,2846.00,262.00,904.80
106,3410.00,165.00,989.37
6337,4811.00,283.00,1093.60
5676,7809.00,196.00,1104.72
3957,9743.00,121.00,1165.38
4930,7002.00,203.00,1131.97
4183,2631.00,281.00,1111.71
2964,34322.00,129.00,1871.23
321,2007.00,207.00,913.14
1765,4770.00,69.00,960.14
102,1466.00,183.00,657.12
1515,3697.00,63.00,1007.59
6461,15847.00,100.00,1233.26
4751,10956.00,160.00,1109.83
2146,4167.00,172.00,1072.91
2609,5482.00,154.00,1216.24
3891,3102.00,152.00,987.30
5326,7892.00,152.00,1220.00
2821,5344.00,69.00,955.67
2864,4765.00,115.00,1205.73
2419,4421.00,176.00,1108.60
869,3105.00,158.00,864.47
2183,5464.00,108.00,1010.11
2931,5034.00,103.00,1023.38
2074,3639.00,123.00,924.69
3808,2258.00,235.00,705.92
1580,2280.00,195.00,757.94
4381,2870.00,209.00,992.52
5339,4091.00,151.00,960.06
600,3894.00,302.00,1059.23
3642,1738.00,234.00,978.65
4690,7152.00,122.00,1173.93
3406,5690.00,220.00,964.12
6466,9398.00,131.00,1044.01
5119,6524.00,142.00,1168.96
3841,92402.00,140.00,5571.22
3591,3755.00,107.00,866.42
4820,4181.00,160.00,827.47
2683,9046.00,105.00,1372.64
5074,1426.00,219.00,741.41
154,6792.00,159.00,1099.22
3365,9392.00,80.00,1089.51
6296,9339.00,69.00,1080.46
493,3296.00,177.00,863.25
6470,2979.00,131.00,770.84
5195,3029.00,177.00,846.59
2561,2888.00,175.00,922.34
5672,9396.00,243.00,1491.95
5961,6352.00,211.00,1158.64
4318,2802.00,150.00,722.03
2206,2685.00,99.00,825.38
1821,6471.00,254.00,1213.82
5700,8615.00,268.00,1627.61
6211,1722.00,122.00,815.86
6057,2846.00,190.00,957.86
2650,667.00,174.00,353.33
6233,7694.00,74.00,933.13
6423,8760.00,127.00,995.94
2704,4333.00,142.00,1143.19
6142,5327.00,165.00,945.92
1330,2054.00,166.00,684.39
5881,2713.00,163.00,999.18
6250,3609.00,111.00,817.89
4173,572.00,260.00,386.00
5330,2298.00,187.00,881.71
6316,8031.00,143.00,961.86
1368,2272.00,116.00,936.26
4392,3397.00,122.00,727.89
3766,3773.00,254.00,977.34
4971,8884.00,129.00,1010.76
4482,2136.00,84.00,898.78
384,3046.00,104.00,1100.07
3677,1704.00,224.00,744.94
6175,6837.00,125.00,857.66
890,1381.00,160.00,770.50
4245,6810.00,85.00,1113.80
3639,2045.00,210.00,765.46
4517,2055.00,179.00,856.17
566,9833.00,235.00,1437.02
1703,3673.00,138.00,801.27
927,6110.00,169.00,1013.40
5955,14266.00,177.00,1692.24
6468,8576.00,206.00,1133.18
2990,4214.00,110.00,1115.16
3759,38046.00,196.00,2028.34
1303,7549.00,240.00,1154.18
1277,3334.00,138.00,754.59
5864,2515.00,149.00,880.88
3258,4596.00,165.00,788.56
5058,6700.00,132.00,1245.90
3251,2553.00,152.00,865.17
3257,4405.00,119.00,822.05
3479,2541.00,205.00,848.60
5243,6477.00,176.00,1166.33
4432,2935.00,157.00,732.58
868,6766.00,386.00,1481.58
6348,9659.00,152.00,1366.17
4266,7837.00,77.00,983.70
5656,7904.00,304.00,1589.20
3324,3108.00,312.00,955.33
2846,7810.00,167.00,1000.93
3867,4964.00,115.00,1155.60
6085,16875.00,128.00,1220.59
1494,2203.00,268.00,789.33
6241,7464.00,93.00,920.39
2793,1880.00,116.00,805.63
5514,1738.00,123.00,597.73
4979,2576.00,180.00,781.12
2149,2839.00,107.00,781.34
5104,5284.00,198.00,853.58
3426,8665.00,159.00,1154.25
5178,8004.00,99.00,953.12
3652,9783.00,153.00,1253.58
3906,789.00,311.00,550.00
5324,7525.00,147.00,870.51
5806,4758.00,335.00,1814.22
4762,3040.00,143.00,876.20
4007,1324.00,212.00,688.00
3793,8870.00,123.00,1471.85
6374,8048.00,109.00,972.05
6302,71035.00,107.00,2088.15
6054,2330.00,183.00,645.61
1394,7121.00,139.00,859.12
985,1496.00,304.00,774.50
4935,170.00,170.00,170.00
5785,3196.00,106.00,871.76
6207,1769.00,109.00,562.78
2237,4867.00,178.00,1050.20
5686,2644.00,245.00,928.27
4298,5531.00,184.00,901.66
1793,3398.00,128.00,985.46
2958,590.00,332.00,417.25
5726,8095.00,148.00,1242.00
5043,2613.00,160.00,684.19
4920,7085.00,179.00,1059.51
6359,4574.00,165.00,762.79
1585,4791.00,230.00,910.80
5347,9212.00,133.00,1094.03
5538,3380.00,157.00,767.20
2080,3375.00,195.00,953.57
707,3091.00,220.00,1066.83
5385,5832.00,120.00,942.14
28,10450.00,199.00,1204.82
237,2016.00,115.00,698.86
6189,5576.00,137.00,1041.15
743,4427.00,184.00,1032.21
6001,2679.00,158.00,817.07
2945,12103.00,221.00,1295.40
4562,3544.00,199.00,957.10
5234,6451.00,261.00,1514.85
4161,1487.00,136.00,606.80
1432,4784.00,134.00,1091.40
5379,2543.00,96.00,813.70
2866,3306.00,107.00,970.47
1144,2197.00,240.00,853.72
3874,4523.00,164.00,1052.21
3792,7750.00,141.00,1164.70
3463,55885.00,189.00,2958.91
2767,4420.00,155.00,909.03
3404,1828.00,151.00,791.60
2630,4466.00,100.00,803.96
252,4569.00,130.00,974.03
1943,2193.00,312.00,743.25
6168,5558.00,156.00,1166.26
2410,3962.00,230.00,976.50
835,8841.00,209.00,1327.42
249,1799.00,233.00,636.09
4793,3169.00,134.00,869.85
3202,3064.00,140.00,815.45
4387,7859.00,311.00,1322.43
152,6028.00,146.00,958.27
1325,2640.00,234.00,781.04
1355,5628.00,188.00,970.83
5882,6060.00,124.00,1016.47
164,3257.00,129.00,667.72
1473,6181.00,130.00,1041.68
4595,5697.00,204.00,1343.64
4295,1100.00,176.00,497.50
6420,2192.00,198.00,721.30
2879,5349.00,161.00,1228.44
3839,4957.00,138.00,1053.03
4901,6806.00,123.00,1054.51
2313,7497.00,126.00,1253.72
3583,4037.00,159.00,782.34
2698,3312.00,90.00,749.14
5438,2429.00,165.00,788.07
4681,7193.00,132.00,1273.66
6301,2499.00,140.00,861.69
2808,12457.00,157.00,1104.71
1650,6978.00,91.00,1260.56
3829,11168.00,107.00,1267.53
1910,6813.00,242.00,1277.00
3481,2905.00,158.00,798.11
4956,1407.00,200.00,642.70
3206,4229.00,93.00,897.51
1936,8633.00,123.00,1235.64
1824,6100.00,113.00,1302.16
178,2772.00,159.00,1040.35
58,2060.00,193.00,841.45
6245,3104.00,186.00,970.97
5550,5516.00,158.00,1006.50
6144,7004.00,140.00,872.69
1908,4412.00,200.00,921.95
4948,5884.00,174.00,1025.24
1588,6517.00,75.00,1063.00
3076,3883.00,96.00,855.82
6198,3696.00,110.00,1005.54
681,5238.00,85.00,1032.17
6249,2205.00,193.00,774.70
2066,2024.00,123.00,759.43
3594,556.00,556.00,556.00
2286,11270.00,139.00,1436.55
289,6067.00,234.00,1506.65
6231,4596.00,83.00,927.08
57,2264.00,187.00,829.61
550,2363.00,258.00,927.85
4998,5867.00,192.00,1290.66
1059,1893.00,236.00,859.18
1686,3095.00,175.00,775.25
1468,4523.00,81.00,894.17
2661,5025.00,135.00,824.78
2709,3579.00,115.00,1112.28
1665,4483.00,134.00,783.33
5296,5731.00,129.00,1066.64
5546,5030.00,181.00,764.38
6163,7403.00,135.00,919.10
4847,13720.00,103.00,1383.07
2208,36992.00,137.00,1770.96
6418,5712.00,118.00,794.33
4326,4215.00,227.00,1062.03
5419,4328.00,212.00,1053.66
4968,2790.00,227.00,1005.48
2670,2438.00,181.00,750.57
5365,4620.00,193.00,1168.33
4062,7551.00,107.00,1150.32
3018,5834.00,141.00,1064.50
5628,7508.00,143.00,1148.29
1617,5650.00,184.00,1468.64
6464,10024.00,180.00,1159.14
101,2911.00,249.00,783.46
6324,3771.00,152.00,762.72
4652,3432.00,84.00,866.92
6380,24270.00,121.00,1797.86
1540,3120.00,164.00,1031.14
2171,2031.00,227.00,875.88
4325,1486.00,340.00,647.50
3364,3018.00,155.00,860.72
5038,2016.00,260.00,685.53
860,4317.00,101.00,872.10
363,3436.00,237.00,853.42
1866,5055.00,194.00,907.41
6051,5152.00,118.00,955.74
6044,3227.00,134.00,845.76
501,4041.00,218.00,995.16
5541,4814.00,173.00,1055.90
3889,8718.00,259.00,1167.12
6003,9703.00,138.00,995.24
6026,4080.00,84.00,809.53
2927,5039.00,70.00,1215.96
4029,6208.00,233.00,1084.28
1735,2003.00,194.00,715.82
6095,9711.00,163.00,995.13
2296,5896.00,214.00,1060.47
4878,3154.00,157.00,889.62
5591,3522.00,123.00,892.65
1389,5179.00,187.00,962.40
1260,8149.00,144.00,1102.12
5194,6367.00,141.00,996.63
4492,4632.00,172.00,1072.81
2624,5621.00,235.00,1302.54
108,7822.00,162.00,1009.13
1774,10794.00,148.00,1126.68
3571,6564.00,207.00,1002.80
6221,5457.00,133.00,834.42
5855,9704.00,62.00,1685.37
5082,7190.00,114.00,896.88
5320,8065.00,113.00,1319.60
2374,7872.00,137.00,1319.21
5554,2498.00,117.00,754.00
5018,3742.00,134.00,1096.00
502,1630.00,170.00,853.94
4508,3551.00,239.00,977.35
3194,10191.00,182.00,1236.88
4006,3185.00,132.00,748.22
832,6656.00,239.00,1092.90
3937,10005.00,110.00,999.20
4353,3594.00,123.00,934.62
2196,6424.00,244.00,1375.95
1104,6289.00,198.00,933.90
5681,3395.00,68.00,894.68
6306,4230.00,143.00,945.85
1198,6207.00,111.00,1038.52
6102,6025.00,124.00,1012.09
4362,7377.00,76.00,993.68
4698,12044.00,167.00,1637.96
4030,3649.00,92.00,1007.82
5770,2002.00,211.00,750.00
2659,4441.00,136.00,1094.31
1612,6611.00,328.00,1774.11
74,5801.00,77.00,1051.12
678,3782.00,107.00,1058.78
299,7691.00,207.00,1274.00
6388,8685.00,77.00,1215.20
5917,1566.00,150.00,631.20
1537,4587.00,187.00,1101.78
1669,4946.00,187.00,1028.17
688,7408.00,185.00,1262.15
1186,9850.00,181.00,1294.52
5827,1772.00,133.00,710.00
1762,9146.00,155.00,1505.68
5522,5221.00,255.00,1097.60
3877,6205.00,165.00,1025.75
2166,8889.00,150.00,1139.02
840,2221.00,120.00,673.81
864,5197.00,260.00,1202.33
5130,625.00,271.00,480.80
561,1259.00,265.00,762.00
2112,3648.00,300.00,1556.18
5253,490363.00,118.00,11645.77
1531,8938.00,111.00,1537.81
2024,3126.00,170.00,887.20
3882,7531.00,218.00,1144.62
2142,6916.00,199.00,1750.25
3439,6584.00,120.00,1201.44
4098,1437.00,120.00,563.63
5730,6944.00,246.00,1363.58
4960,8255.00,78.00,1419.15
2267,7213.00,144.00,969.83
1562,5340.00,192.00,1062.34
4696,6920.00,127.00,1030.08
4661,7526.00,156.00,1005.95
2045,3276.00,243.00,1027.00
1902,3897.00,263.00,989.73
3838,4768.00,148.00,1103.65
5890,4816.00,149.00,971.35
2636,2773.00,61.00,752.26
4430,4973.00,179.00,996.32
145,3117.00,274.00,1001.15
3323,1564.00,128.00,680.87
838,4826.00,173.00,966.66
4974,1861.00,84.00,668.20
189,4845.00,211.00,872.08
1003,4849.00,178.00,1163.17
2577,9590.00,256.00,1768.03
6311,6176.00,124.00,837.44
2243,2396.00,164.00,939.57
4981,2547.00,135.00,1086.67
2696,2214.00,147.00,1059.94
508,3714.00,215.00,1077.18
4449,2785.00,276.00,1008.61
3341,2636.00,177.00,877.84
212,1827.00,114.00,739.96
727,10307.00,108.00,1176.90
3690,7637.00,134.00,1390.17
5382,5052.00,82.00,1012.97
3904,2135.00,170.00,746.04
3414,9030.00,140.00,1342.80
652,3073.00,130.00,1087.13
4887,1601.00,65.00,780.27
5822,5958.00,202.00,1147.40
3468,1634.00,139.00,638.60
5445,4730.00,224.00,1629.62
2244,1902.00,132.00,829.05
3029,2585.00,99.00,789.68
2158,8656.00,143.00,1146.04
1096,3931.00,193.00,1080.86
2093,2844.00,199.00,898.52
1381,9476.00,180.00,1601.15
4418,4251.00,128.00,988.60
4879,7035.00,126.00,1231.74
303,10621.00,79.00,1270.42
2735,1166.00,169.00,784.20
1691,3899.00,195.00,1116.84
4240,13754.00,151.00,1253.00
5252,53496.00,137.00,2638.00
5413,2223.00,187.00,861.56
4844,4548.00,177.00,984.36
3663,3165.00,143.00,787.02
3522,12830.00,61.00,1227.55
4644,6239.00,213.00,1152.90
29,9500.00,125.00,1408.00
586,3547.00,237.00,1181.47
4367,3184.00,145.00,866.18
5952,5201.00,157.00,941.00
5414,6891.00,151.00,1352.81
1231,7609.00,219.00,1428.89
4053,2866.00,191.00,1002.39
2760,1813.00,299.00,785.80
1946,5693.00,274.00,1762.00
3962,3013.00,135.00,941.31
487,9932.00,244.00,1127.26
5776,8962.00,190.00,1319.29
2884,3010.00,158.00,737.90
962,4214.00,496.00,1377.38
177,1397.00,211.00,598.00
1596,2969.00,106.00,862.04
2407,1715.00,488.00,963.66
1768,1426.00,402.00,885.33
5033,2222.00,173.00,701.93
3724,4402.00,199.00,1003.85
1248,4336.00,245.00,1117.96
1623,7665.00,238.00,1692.42
1014,9308.00,84.00,1505.24
2521,3551.00,90.00,760.97
3327,5216.00,83.00,957.58
2484,2365.00,148.00,735.48
6321,620.00,195.00,390.14
1097,5050.00,117.00,1047.54
4109,5709.00,236.00,886.79
3722,49227.00,166.00,1864.78
569,6938.00,78.00,909.73
2787,6847.00,145.00,1185.17
1423,7514.00,239.00,1258.73
146,225.00,225.00,225.00
5367,3242.00,164.00,1027.76
3317,1703.00,252.00,872.58
422,4207.00,95.00,1112.35
6370,2870.00,122.00,846.97
1930,4140.00,166.00,990.19
5378,5692.00,127.00,1339.13
810,9656.00,282.00,1633.33
367,5940.00,152.00,861.29
5898,2115.00,130.00,702.25
13,6822.00,172.00,1294.50
4361,1715.00,218.00,796.20
1166,6180.00,119.00,1154.84